ID,世代,名前,HP,こうげき,ぼうぎょ,とくこう,とくぼう,すばやさ,経験値,高さ(m),重さ(kg) ,タイプ
1,1,フシギダネ,45,49,49,65,65,45,64,0.7 ,6.9 ,くさ/どく
2,1,フシギソウ,60,62,63,80,80,60,142,1.0 ,13.0 ,くさ/どく
3,1,フシギバナ,80,82,83,100,100,80,236,2.0 ,100.0 ,くさ/どく
4,1,ヒトカゲ,39,52,43,60,50,65,62,0.6 ,8.5 ,ほのお/
5,1,リザード,58,64,58,80,65,80,142,1.1 ,19.0 ,ほのお/
6,1,リザードン,78,84,78,109,85,100,240,1.7 ,90.5 ,ほのお/ひこう
7,1,ゼニガメ,44,48,65,50,64,43,63,0.5 ,9.0 ,みず/
8,1,カメール,59,63,80,65,80,58,142,1.0 ,22.5 ,みず/
9,1,カメックス,79,83,100,85,105,78,239,1.6 ,85.5 ,みず/
10,1,キャタピー,45,30,35,20,20,45,39,0.3 ,2.9 ,むし/
11,1,トランセル,50,20,55,25,25,30,72,0.7 ,9.9 ,むし/
12,1,バタフリー,60,45,50,90,80,70,178,1.1 ,32.0 ,むし/ひこう
13,1,ビードル,40,35,30,20,20,50,39,0.3 ,3.2 ,むし/どく
14,1,コクーン,45,25,50,25,25,35,72,0.6 ,10.0 ,むし/どく
15,1,スピアー,65,90,40,45,80,75,178,1.0 ,29.5 ,むし/どく
16,1,ポッポ,40,45,40,35,35,56,50,0.3 ,1.8 ,ノーマル/ひこう
17,1,ピジョン,63,60,55,50,50,71,122,1.1 ,30.0 ,ノーマル/ひこう
18,1,ピジョット,83,80,75,70,70,101,216,1.5 ,39.5 ,ノーマル/ひこう
19,1,コラッタ,30,56,35,25,35,72,51,0.3 ,3.5 ,ノーマル/
20,1,ラッタ,55,81,60,50,70,97,145,0.7 ,18.5 ,ノーマル/
21,1,オニスズメ,40,60,30,31,31,70,52,0.3 ,2.0 ,ノーマル/ひこう
22,1,オニドリル,65,90,65,61,61,100,155,1.2 ,38.0 ,ノーマル/ひこう
23,1,アーボ,35,60,44,40,54,55,58,2.0 ,6.9 ,どく/
24,1,アーボック,60,85,69,65,79,80,153,3.5 ,65.0 ,どく/
25,1,ピカチュウ,35,55,40,50,50,90,112,0.4 ,6.0 ,でんき/
26,1,ライチュウ,60,90,55,90,80,110,218,0.8 ,30.0 ,でんき/
27,1,サンド,50,75,85,20,30,40,60,0.6 ,12.0 ,じめん/
28,1,サンドパン,75,100,110,45,55,65,158,1.0 ,29.5 ,じめん/
29,1,ニドラン♀,55,47,52,40,40,41,55,0.4 ,7.0 ,どく/
30,1,ニドリーナ,70,62,67,55,55,56,128,0.8 ,20.0 ,どく/
31,1,ニドクイン,90,92,87,75,85,76,227,1.3 ,60.0 ,どく/じめん
32,1,ニドラン♂,46,57,40,40,40,50,55,0.5 ,9.0 ,どく/
33,1,ニドリーノ,61,72,57,55,55,65,128,0.9 ,19.5 ,どく/
34,1,ニドキング,81,102,77,85,75,85,227,1.4 ,62.0 ,どく/じめん
35,1,ピッピ,70,45,48,60,65,35,113,0.6 ,7.5 ,フェアリー/
36,1,ピクシー,95,70,73,95,90,60,217,1.3 ,40.0 ,フェアリー/
37,1,ロコン,38,41,40,50,65,65,60,0.6 ,9.9 ,ほのお/
38,1,キュウコン,73,76,75,81,100,100,177,1.1 ,19.9 ,ほのお/
39,1,プリン,115,45,20,45,25,20,95,0.5 ,5.5 ,ノーマル/フェアリー
40,1,プクリン,140,70,45,85,50,45,196,1.0 ,12.0 ,ノーマル/フェアリー
41,1,ズバット,40,45,35,30,40,55,49,0.8 ,7.5 ,どく/ひこう
42,1,ゴルバット,75,80,70,65,75,90,159,1.6 ,55.0 ,どく/ひこう
43,1,ナゾノクサ,45,50,55,75,65,30,64,0.5 ,5.4 ,くさ/どく
44,1,クサイハナ,60,65,70,85,75,40,138,0.8 ,8.6 ,くさ/どく
45,1,ラフレシア,75,80,85,110,90,50,221,1.2 ,18.6 ,くさ/どく
46,1,パラス,35,70,55,45,55,25,57,0.3 ,5.4 ,むし/くさ
47,1,パラセクト,60,95,80,60,80,30,142,1.0 ,29.5 ,むし/くさ
48,1,コンパン,60,55,50,40,55,45,61,1.0 ,30.0 ,むし/どく
49,1,モルフォン,70,65,60,90,75,90,158,1.5 ,12.5 ,むし/どく
50,1,ディグダ,10,55,25,35,45,95,53,0.2 ,0.8 ,じめん/
51,1,ダグトリオ,35,80,50,50,70,120,142,0.7 ,33.3 ,じめん/
52,1,ニャース,40,45,35,40,40,90,58,0.4 ,4.2 ,ノーマル/
53,1,ペルシアン,65,70,60,65,65,115,154,1.0 ,32.0 ,ノーマル/
54,1,コダック,50,52,48,65,50,55,64,0.8 ,19.6 ,みず/
55,1,ゴルダック,80,82,78,95,80,85,175,1.7 ,76.6 ,みず/
56,1,マンキー,40,80,35,35,45,70,61,0.5 ,28.0 ,かくとう/
57,1,オコリザル,65,105,60,60,70,95,159,1.0 ,32.0 ,かくとう/
58,1,ガーディ,55,70,45,70,50,60,70,0.7 ,19.0 ,ほのお/
59,1,ウインディ,90,110,80,100,80,95,194,1.9 ,155.0 ,ほのお/
60,1,ニョロモ,40,50,40,40,40,90,60,0.6 ,12.4 ,みず/
61,1,ニョロゾ,65,65,65,50,50,90,135,1.0 ,20.0 ,みず/
62,1,ニョロボン,90,95,95,70,90,70,230,1.3 ,54.0 ,みず/かくとう
63,1,ケーシィ,25,20,15,105,55,90,62,0.9 ,19.5 ,エスパー/
64,1,ユンゲラー,40,35,30,120,70,105,140,1.3 ,56.5 ,エスパー/
65,1,フーディン,55,50,45,135,95,120,225,1.5 ,48.0 ,エスパー/
66,1,ワンリキー,70,80,50,35,35,35,61,0.8 ,19.5 ,かくとう/
67,1,ゴーリキー,80,100,70,50,60,45,142,1.5 ,70.5 ,かくとう/
68,1,カイリキー,90,130,80,65,85,55,227,1.6 ,130.0 ,かくとう/
69,1,マダツボミ,50,75,35,70,30,40,60,0.7 ,4.0 ,くさ/どく
70,1,ウツドン,65,90,50,85,45,55,137,1.0 ,6.4 ,くさ/どく
71,1,ウツボット,80,105,65,100,70,70,221,1.7 ,15.5 ,くさ/どく
72,1,メノクラゲ,40,40,35,50,100,70,67,0.9 ,45.5 ,みず/どく
73,1,ドククラゲ,80,70,65,80,120,100,180,1.6 ,55.0 ,みず/どく
74,1,イシツブテ,40,80,100,30,30,20,60,0.4 ,20.0 ,いわ/じめん
75,1,ゴローン,55,95,115,45,45,35,137,1.0 ,105.0 ,いわ/じめん
76,1,ゴローニャ,80,120,130,55,65,45,223,1.4 ,300.0 ,いわ/じめん
77,1,ポニータ,50,85,55,65,65,90,82,1.0 ,30.0 ,ほのお/
78,1,ギャロップ,65,100,70,80,80,105,175,1.7 ,95.0 ,ほのお/
79,1,ヤドン,90,65,65,40,40,15,63,1.2 ,36.0 ,みず/エスパー
80,1,ヤドラン,95,75,110,100,80,30,172,1.6 ,78.5 ,みず/エスパー
81,1,コイル,25,35,70,95,55,45,65,0.3 ,6.0 ,でんき/はがね
82,1,レアコイル,50,60,95,120,70,70,163,1.0 ,60.0 ,でんき/はがね
83,1,カモネギ,52,65,55,58,62,60,123,0.8 ,15.0 ,ノーマル/ひこう
84,1,ドードー,35,85,45,35,35,75,62,1.4 ,39.2 ,ノーマル/ひこう
85,1,ドードリオ,60,110,70,60,60,100,161,1.8 ,85.2 ,ノーマル/ひこう
86,1,パウワウ,65,45,55,45,70,45,65,1.1 ,90.0 ,みず/
87,1,ジュゴン,90,70,80,70,95,70,166,1.7 ,120.0 ,みず/こおり
88,1,ベトベター,80,80,50,40,50,25,65,0.9 ,30.0 ,どく/
89,1,ベトベトン,105,105,75,65,100,50,175,1.2 ,30.0 ,どく/
90,1,シェルダー,30,65,100,45,25,40,61,0.3 ,4.0 ,みず/
91,1,パルシェン,50,95,180,85,45,70,184,1.5 ,132.5 ,みず/こおり
92,1,ゴース,30,35,30,100,35,80,62,1.3 ,0.1 ,ゴースト/どく
93,1,ゴースト,45,50,45,115,55,95,142,1.6 ,0.1 ,ゴースト/どく
94,1,ゲンガー,60,65,60,130,75,110,225,1.5 ,40.5 ,ゴースト/どく
95,1,イワーク,35,45,160,30,45,70,77,8.8 ,210.0 ,いわ/じめん
96,1,スリープ,60,48,45,43,90,42,66,1.0 ,32.4 ,エスパー/
97,1,スリーパー,85,73,70,73,115,67,169,1.6 ,75.6 ,エスパー/
98,1,クラブ,30,105,90,25,25,50,65,0.4 ,6.5 ,みず/
99,1,キングラー,55,130,115,50,50,75,166,1.3 ,60.0 ,みず/
100,1,ビリリダマ,40,30,50,55,55,100,66,0.5 ,10.4 ,でんき/
101,1,マルマイン,60,50,70,80,80,140,168,1.2 ,66.6 ,でんき/
102,1,タマタマ,60,40,80,60,45,40,65,0.4 ,25.0 ,くさ/エスパー
103,1,ナッシー,95,95,85,125,65,55,182,2.0 ,120.0 ,くさ/エスパー
104,1,カラカラ,50,50,95,40,50,35,64,0.4 ,6.5 ,じめん/
105,1,ガラガラ,60,80,110,50,80,45,149,1.0 ,45.0 ,じめん/
106,1,サワムラー,50,120,53,35,110,87,159,1.5 ,49.8 ,かくとう/
107,1,エビワラー,50,105,79,35,110,76,159,1.4 ,50.2 ,かくとう/
108,1,ベロリンガ,90,55,75,60,75,30,77,1.2 ,65.5 ,ノーマル/
109,1,ドガース,40,65,95,60,45,35,68,0.6 ,1.0 ,どく/
110,1,マタドガス,65,90,120,85,70,60,172,1.2 ,9.5 ,どく/
111,1,サイホーン,80,85,95,30,30,25,69,1.0 ,115.0 ,じめん/いわ
112,1,サイドン,105,130,120,45,45,40,170,1.9 ,120.0 ,じめん/いわ
113,1,ラッキー,250,5,5,35,105,50,395,1.1 ,34.6 ,ノーマル/
114,1,モンジャラ,65,55,115,100,40,60,87,1.0 ,35.0 ,くさ/
115,1,ガルーラ,105,95,80,40,80,90,172,2.2 ,80.0 ,ノーマル/
116,1,タッツー,30,40,70,70,25,60,59,0.4 ,8.0 ,みず/
117,1,シードラ,55,65,95,95,45,85,154,1.2 ,25.0 ,みず/
118,1,トサキント,45,67,60,35,50,63,64,0.6 ,15.0 ,みず/
119,1,アズマオウ,80,92,65,65,80,68,158,1.3 ,39.0 ,みず/
120,1,ヒトデマン,30,45,55,70,55,85,68,0.8 ,34.5 ,みず/
121,1,スターミー,60,75,85,100,85,115,182,1.1 ,80.0 ,みず/エスパー
122,1,バリヤード,40,45,65,100,120,90,161,1.3 ,54.5 ,エスパー/フェアリー
123,1,ストライク,70,110,80,55,80,105,100,1.5 ,56.0 ,むし/ひこう
124,1,ルージュラ,65,50,35,115,95,95,159,1.4 ,40.6 ,こおり/エスパー
125,1,エレブー,65,83,57,95,85,105,172,1.1 ,30.0 ,でんき/
126,1,ブーバー,65,95,57,100,85,93,173,1.3 ,44.5 ,ほのお/
127,1,カイロス,65,125,100,55,70,85,175,1.5 ,55.0 ,むし/
128,1,ケンタロス,75,100,95,40,70,110,172,1.4 ,88.4 ,ノーマル/
129,1,コイキング,20,10,55,15,20,80,40,0.9 ,10.0 ,みず/
130,1,ギャラドス,95,125,79,60,100,81,189,6.5 ,235.0 ,みず/ひこう
131,1,ラプラス,130,85,80,85,95,60,187,2.5 ,220.0 ,みず/こおり
132,1,メタモン,48,48,48,48,48,48,101,0.3 ,4.0 ,ノーマル/
133,1,イーブイ,55,55,50,45,65,55,65,0.3 ,6.5 ,ノーマル/
134,1,シャワーズ,130,65,60,110,95,65,184,1.0 ,29.0 ,みず/
135,1,サンダース,65,65,60,110,95,130,184,0.8 ,24.5 ,でんき/
136,1,ブースター,65,130,60,95,110,65,184,0.9 ,25.0 ,ほのお/
137,1,ポリゴン,65,60,70,85,75,40,79,0.8 ,36.5 ,ノーマル/
138,1,オムナイト,35,40,100,90,55,35,71,0.4 ,7.5 ,いわ/みず
139,1,オムスター,70,60,125,115,70,55,173,1.0 ,35.0 ,いわ/みず
140,1,カブト,30,80,90,55,45,55,71,0.5 ,11.5 ,いわ/みず
141,1,カブトプス,60,115,105,65,70,80,173,1.3 ,40.5 ,いわ/みず
142,1,プテラ,80,105,65,60,75,130,180,1.8 ,59.0 ,いわ/ひこう
143,1,カビゴン,160,110,65,65,110,30,189,2.1 ,460.0 ,ノーマル/
144,1,フリーザー,90,85,100,95,125,85,261,1.7 ,55.4 ,こおり/ひこう
145,1,サンダー,90,90,85,125,90,100,261,1.6 ,52.6 ,でんき/ひこう
146,1,ファイヤー,90,100,90,125,85,90,261,2.0 ,60.0 ,ほのお/ひこう
147,1,ミニリュウ,41,64,45,50,50,50,60,1.8 ,3.3 ,ドラゴン/
148,1,ハクリュー,61,84,65,70,70,70,147,4.0 ,16.5 ,ドラゴン/
149,1,カイリュー,91,134,95,100,100,80,270,2.2 ,210.0 ,ドラゴン/ひこう
150,1,ミュウツー,106,110,90,154,90,130,306,2.0 ,122.0 ,エスパー/
151,1,ミュウ,100,100,100,100,100,100,270,0.4 ,4.0 ,エスパー/
152,2,チコリータ,45,49,65,49,65,45,64,0.9 ,6.4 ,くさ/
153,2,ベイリーフ,60,62,80,63,80,60,142,1.2 ,15.8 ,くさ/
154,2,メガニウム,80,82,100,83,100,80,236,1.8 ,100.5 ,くさ/
155,2,ヒノアラシ,39,52,43,60,50,65,62,0.5 ,7.9 ,ほのお/
156,2,マグマラシ,58,64,58,80,65,80,142,0.9 ,19.0 ,ほのお/
157,2,バクフーン,78,84,78,109,85,100,240,1.7 ,79.5 ,ほのお/
158,2,ワニノコ,50,65,64,44,48,43,63,0.6 ,9.5 ,みず/
159,2,アリゲイツ,65,80,80,59,63,58,142,1.1 ,25.0 ,みず/
160,2,オーダイル,85,105,100,79,83,78,239,2.3 ,88.8 ,みず/
161,2,オタチ,35,46,34,35,45,20,43,0.8 ,6.0 ,ノーマル/
162,2,オオタチ,85,76,64,45,55,90,145,1.8 ,32.5 ,ノーマル/
163,2,ホーホー,60,30,30,36,56,50,52,0.7 ,21.2 ,ノーマル/ひこう
164,2,ヨルノズク,100,50,50,76,96,70,155,1.6 ,40.8 ,ノーマル/ひこう
165,2,レディバ,40,20,30,40,80,55,53,1.0 ,10.8 ,むし/ひこう
166,2,レディアン,55,35,50,55,110,85,137,1.4 ,35.6 ,むし/ひこう
167,2,イトマル,40,60,40,40,40,30,50,0.5 ,8.5 ,むし/どく
168,2,アリアドス,70,90,70,60,60,40,137,1.1 ,33.5 ,むし/どく
169,2,クロバット,85,90,80,70,80,130,241,1.8 ,75.0 ,どく/ひこう
170,2,チョンチー,75,38,38,56,56,67,66,0.5 ,12.0 ,みず/でんき
171,2,ランターン,125,58,58,76,76,67,161,1.2 ,22.5 ,みず/でんき
172,2,ピチュー,20,40,15,35,35,60,41,0.3 ,2.0 ,でんき/
173,2,ピィ,50,25,28,45,55,15,44,0.3 ,3.0 ,フェアリー/
174,2,ププリン,90,30,15,40,20,15,42,0.3 ,1.0 ,ノーマル/フェアリー
175,2,トゲピー,35,20,65,40,65,20,49,0.3 ,1.5 ,フェアリー/
176,2,トゲチック,55,40,85,80,105,40,142,0.6 ,3.2 ,フェアリー/ひこう
177,2,ネイティ,40,50,45,70,45,70,64,0.2 ,2.0 ,エスパー/ひこう
178,2,ネイティオ,65,75,70,95,70,95,165,1.5 ,15.0 ,エスパー/ひこう
179,2,メリープ,55,40,40,65,45,35,56,0.6 ,7.8 ,でんき/
180,2,モココ,70,55,55,80,60,45,128,0.8 ,13.3 ,でんき/
181,2,デンリュウ,90,75,85,115,90,55,230,1.4 ,61.5 ,でんき/ドラゴン
182,2,キレイハナ,75,80,95,90,100,50,221,0.4 ,5.8 ,くさ/
183,2,マリル,70,20,50,20,50,40,88,0.4 ,8.5 ,みず/フェアリー
184,2,マリルリ,100,50,80,60,80,50,189,0.8 ,28.5 ,みず/フェアリー
185,2,ウソッキー,70,100,115,30,65,30,144,1.2 ,38.0 ,いわ/
186,2,ニョロトノ,90,75,75,90,100,70,225,1.1 ,33.9 ,みず/
187,2,ハネッコ,35,35,40,35,55,50,50,0.4 ,0.5 ,くさ/ひこう
188,2,ポポッコ,55,45,50,45,65,80,119,0.6 ,1.0 ,くさ/ひこう
189,2,ワタッコ,75,55,70,55,95,110,207,0.8 ,3.0 ,くさ/ひこう
190,2,エイパム,55,70,55,40,55,85,72,0.8 ,11.5 ,ノーマル/
191,2,ヒマナッツ,30,30,30,30,30,30,36,0.3 ,1.8 ,くさ/
192,2,キマワリ,75,75,55,105,85,30,149,0.8 ,8.5 ,くさ/
193,2,ヤンヤンマ,65,65,45,75,45,95,78,1.2 ,38.0 ,むし/ひこう
194,2,ウパー,55,45,45,25,25,15,42,0.4 ,8.5 ,みず/じめん
195,2,ヌオー,95,85,85,65,65,35,151,1.4 ,75.0 ,みず/じめん
196,2,エーフィ,65,65,60,130,95,110,184,0.9 ,26.5 ,エスパー/
197,2,ブラッキー,95,65,110,60,130,65,184,1.0 ,27.0 ,あく/
198,2,ヤミカラス,60,85,42,85,42,91,81,0.5 ,2.1 ,あく/ひこう
199,2,ヤドキング,95,75,80,100,110,30,172,2.0 ,79.5 ,みず/エスパー
200,2,ムウマ,60,60,60,85,85,85,87,0.7 ,1.0 ,ゴースト/
201,2,アンノーン,48,72,48,72,48,48,118,0.5 ,5.0 ,エスパー/
202,2,ソーナンス,190,33,58,33,58,33,142,1.3 ,28.5 ,エスパー/
203,2,キリンリキ,70,80,65,90,65,85,159,1.5 ,41.5 ,ノーマル/エスパー
204,2,クヌギダマ,50,65,90,35,35,15,58,0.6 ,7.2 ,むし/
205,2,フォレトス,75,90,140,60,60,40,163,1.2 ,125.8 ,むし/はがね
206,2,ノコッチ,100,70,70,65,65,45,145,1.5 ,14.0 ,ノーマル/
207,2,グライガー,65,75,105,35,65,85,86,1.1 ,64.8 ,じめん/ひこう
208,2,ハガネール,75,85,200,55,65,30,179,9.2 ,400.0 ,はがね/じめん
209,2,ブルー,60,80,50,40,40,30,60,0.6 ,7.8 ,フェアリー/
210,2,グランブル,90,120,75,60,60,45,158,1.4 ,48.7 ,フェアリー/
211,2,ハリーセン,65,95,75,55,55,85,86,0.5 ,3.9 ,みず/どく
212,2,ハッサム,70,130,100,55,80,65,175,1.8 ,118.0 ,むし/はがね
213,2,ツボツボ,20,10,230,10,230,5,177,0.6 ,20.5 ,むし/いわ
214,2,ヘラクロス,80,125,75,40,95,85,175,1.5 ,54.0 ,むし/かくとう
215,2,ニューラ,55,95,55,35,75,115,86,0.9 ,28.0 ,あく/こおり
216,2,ヒメグマ,60,80,50,50,50,40,66,0.6 ,8.8 ,ノーマル/
217,2,リングマ,90,130,75,75,75,55,175,1.8 ,125.8 ,ノーマル/
218,2,マグマッグ,40,40,40,70,40,20,50,0.7 ,35.0 ,ほのお/
219,2,マグカルゴ,50,50,120,80,80,30,144,0.8 ,55.0 ,ほのお/いわ
220,2,ウリムー,50,50,40,30,30,50,50,0.4 ,6.5 ,こおり/じめん
221,2,イノムー,100,100,80,60,60,50,158,1.1 ,55.8 ,こおり/じめん
222,2,サニーゴ,55,55,85,65,85,35,133,0.6 ,5.0 ,みず/いわ
223,2,テッポウオ,35,65,35,65,35,65,60,0.6 ,12.0 ,みず/
224,2,オクタン,75,105,75,105,75,45,168,0.9 ,28.5 ,みず/
225,2,デリバード,45,55,45,65,45,75,116,0.9 ,16.0 ,こおり/ひこう
226,2,マンタイン,65,40,70,80,140,70,163,2.1 ,220.0 ,みず/ひこう
227,2,エアームド,65,80,140,40,70,70,163,1.7 ,50.5 ,はがね/ひこう
228,2,デルビル,45,60,30,80,50,65,66,0.6 ,10.8 ,あく/ほのお
229,2,ヘルガー,75,90,50,110,80,95,175,1.4 ,35.0 ,あく/ほのお
230,2,キングドラ,75,95,95,95,95,85,243,1.8 ,152.0 ,みず/ドラゴン
231,2,ゴマゾウ,90,60,60,40,40,40,66,0.5 ,33.5 ,じめん/
232,2,ドンファン,90,120,120,60,60,50,175,1.1 ,120.0 ,じめん/
233,2,ポリゴン２,85,80,90,105,95,60,180,0.6 ,32.5 ,ノーマル/
234,2,オドシシ,73,95,62,85,65,85,163,1.4 ,71.2 ,ノーマル/
235,2,ドーブル,55,20,35,20,45,75,88,1.2 ,58.0 ,ノーマル/
236,2,バルキー,35,35,35,35,35,35,42,0.7 ,21.0 ,かくとう/
237,2,カポエラー,50,95,95,35,110,70,159,1.4 ,48.0 ,かくとう/
238,2,ムチュール,45,30,15,85,65,65,61,0.4 ,6.0 ,こおり/エスパー
239,2,エレキッド,45,63,37,65,55,95,72,0.6 ,23.5 ,でんき/
240,2,ブビィ,45,75,37,70,55,83,73,0.7 ,21.4 ,ほのお/
241,2,ミルタンク,95,80,105,40,70,100,172,1.2 ,75.5 ,ノーマル/
242,2,ハピナス,255,10,10,75,135,55,608,1.5 ,46.8 ,ノーマル/
243,2,ライコウ,90,85,75,115,100,115,261,1.9 ,178.0 ,でんき/
244,2,エンテイ,115,115,85,90,75,100,261,2.1 ,198.0 ,ほのお/
245,2,スイクン,100,75,115,90,115,85,261,2.0 ,187.0 ,みず/
246,2,ヨーギラス,50,64,50,45,50,41,60,0.6 ,72.0 ,いわ/じめん
247,2,サナギラス,70,84,70,65,70,51,144,1.2 ,152.0 ,いわ/じめん
248,2,バンギラス,100,134,110,95,100,61,270,2.0 ,202.0 ,いわ/あく
249,2,ルギア,106,90,130,90,154,110,306,5.2 ,216.0 ,エスパー/ひこう
250,2,ホウオウ,106,130,90,110,154,90,306,3.8 ,199.0 ,ほのお/ひこう
251,2,セレビィ,100,100,100,100,100,100,270,0.6 ,5.0 ,エスパー/くさ
252,3,キモリ,40,45,35,65,55,70,62,0.5 ,5.0 ,くさ/
253,3,ジュプトル,50,65,45,85,65,95,142,0.9 ,21.6 ,くさ/
254,3,ジュカイン,70,85,65,105,85,120,239,1.7 ,52.2 ,くさ/
255,3,アチャモ,45,60,40,70,50,45,62,0.4 ,2.5 ,ほのお/
256,3,ワカシャモ,60,85,60,85,60,55,142,0.9 ,19.5 ,ほのお/かくとう
257,3,バシャーモ,80,120,70,110,70,80,239,1.9 ,52.0 ,ほのお/かくとう
258,3,ミズゴロウ,50,70,50,50,50,40,62,0.4 ,7.6 ,みず/
259,3,ヌマクロー,70,85,70,60,70,50,142,0.7 ,28.0 ,みず/じめん
260,3,ラグラージ,100,110,90,85,90,60,241,1.5 ,81.9 ,みず/じめん
261,3,ポチエナ,35,55,35,30,30,35,44,0.5 ,13.6 ,あく/
262,3,グラエナ,70,90,70,60,60,70,147,1.0 ,37.0 ,あく/
263,3,ジグザグマ,38,30,41,30,41,60,48,0.4 ,17.5 ,ノーマル/
264,3,マッスグマ,78,70,61,50,61,100,147,0.5 ,32.5 ,ノーマル/
265,3,ケムッソ,45,45,35,20,30,20,39,0.3 ,3.6 ,むし/
266,3,カラサリス,50,35,55,25,25,15,72,0.6 ,10.0 ,むし/
267,3,アゲハント,60,70,50,100,50,65,178,1.0 ,28.4 ,むし/ひこう
268,3,マユルド,50,35,55,25,25,15,41,0.7 ,11.5 ,むし/
269,3,ドクケイル,60,50,70,50,90,65,135,1.2 ,31.6 ,むし/どく
270,3,ハスボー,40,30,30,40,50,30,44,0.5 ,2.6 ,みず/くさ
271,3,ハスブレロ,60,50,50,60,70,50,119,1.2 ,32.5 ,みず/くさ
272,3,ルンパッパ,80,70,70,90,100,70,216,1.5 ,55.0 ,みず/くさ
273,3,タネボー,40,40,50,30,30,30,44,0.5 ,4.0 ,くさ/
274,3,コノハナ,70,70,40,60,40,60,119,1.0 ,28.0 ,くさ/あく
275,3,ダーテング,90,100,60,90,60,80,216,1.3 ,59.6 ,くさ/あく
276,3,スバメ,40,55,30,30,30,85,54,0.3 ,2.3 ,ノーマル/ひこう
277,3,オオスバメ,60,85,60,50,50,125,151,0.7 ,19.8 ,ノーマル/ひこう
278,3,キャモメ,40,30,30,55,30,85,54,0.6 ,9.5 ,みず/ひこう
279,3,ペリッパー,60,50,100,85,70,65,151,1.2 ,28.0 ,みず/ひこう
280,3,ラルトス,28,25,25,45,35,40,40,0.4 ,6.6 ,エスパー/フェアリー
281,3,キルリア,38,35,35,65,55,50,97,0.8 ,20.2 ,エスパー/フェアリー
282,3,サーナイト,68,65,65,125,115,80,233,1.6 ,48.4 ,エスパー/フェアリー
283,3,アメタマ,40,30,32,50,52,65,54,0.5 ,1.7 ,むし/みず
284,3,アメモース,70,60,62,80,82,60,145,0.8 ,3.6 ,むし/ひこう
285,3,キノココ,60,40,60,40,60,35,59,0.4 ,4.5 ,くさ/
286,3,キノガッサ,60,130,80,60,60,70,161,1.2 ,39.2 ,くさ/かくとう
287,3,ナマケロ,60,60,60,35,35,30,56,0.8 ,24.0 ,ノーマル/
288,3,ヤルキモノ,80,80,80,55,55,90,154,1.4 ,46.5 ,ノーマル/
289,3,ケッキング,150,160,100,95,65,100,252,2.0 ,130.5 ,ノーマル/
290,3,ツチニン,31,45,90,30,30,40,53,0.5 ,5.5 ,むし/じめん
291,3,テッカニン,61,90,45,50,50,160,160,0.8 ,12.0 ,むし/ひこう
292,3,ヌケニン,1,90,45,30,30,40,83,0.8 ,1.2 ,むし/ゴースト
293,3,ゴニョニョ,64,51,23,51,23,28,48,0.6 ,16.3 ,ノーマル/
294,3,ドゴーム,84,71,43,71,43,48,126,1.0 ,40.5 ,ノーマル/
295,3,バクオング,104,91,63,91,73,68,221,1.5 ,84.0 ,ノーマル/
296,3,マクノシタ,72,60,30,20,30,25,47,1.0 ,86.4 ,かくとう/
297,3,ハリテヤマ,144,120,60,40,60,50,166,2.3 ,253.8 ,かくとう/
298,3,ルリリ,50,20,40,20,40,20,38,0.2 ,2.0 ,ノーマル/フェアリー
299,3,ノズパス,30,45,135,45,90,30,75,1.0 ,97.0 ,いわ/
300,3,エネコ,50,45,45,35,35,50,52,0.6 ,11.0 ,ノーマル/
301,3,エネコロロ,70,65,65,55,55,70,133,1.1 ,32.6 ,ノーマル/
302,3,ヤミラミ,50,75,75,65,65,50,133,0.5 ,11.0 ,あく/ゴースト
303,3,クチート,50,85,85,55,55,50,133,0.6 ,11.5 ,はがね/フェアリー
304,3,ココドラ,50,70,100,40,40,30,66,0.4 ,60.0 ,はがね/いわ
305,3,コドラ,60,90,140,50,50,40,151,0.9 ,120.0 ,はがね/いわ
306,3,ボスゴドラ,70,110,180,60,60,50,239,2.1 ,360.0 ,はがね/いわ
307,3,アサナン,30,40,55,40,55,60,56,0.6 ,11.2 ,かくとう/エスパー
308,3,チャーレム,60,60,75,60,75,80,144,1.3 ,31.5 ,かくとう/エスパー
309,3,ラクライ,40,45,40,65,40,65,59,0.6 ,15.2 ,でんき/
310,3,ライボルト,70,75,60,105,60,105,166,1.5 ,40.2 ,でんき/
311,3,プラスル,60,50,40,85,75,95,142,0.4 ,4.2 ,でんき/
312,3,マイナン,60,40,50,75,85,95,142,0.4 ,4.2 ,でんき/
313,3,バルビート,65,73,55,47,75,85,140,0.7 ,17.7 ,むし/
314,3,イルミーゼ,65,47,55,73,75,85,140,0.6 ,17.7 ,むし/
315,3,ロゼリア,50,60,45,100,80,65,140,0.3 ,2.0 ,くさ/どく
316,3,ゴクリン,70,43,53,43,53,40,60,0.4 ,10.3 ,どく/
317,3,マルノーム,100,73,83,73,83,55,163,1.7 ,80.0 ,どく/
318,3,キバニア,45,90,20,65,20,65,61,0.8 ,20.8 ,みず/あく
319,3,サメハダー,70,120,40,95,40,95,161,1.8 ,88.8 ,みず/あく
320,3,ホエルコ,130,70,35,70,35,60,80,2.0 ,130.0 ,みず/
321,3,ホエルオー,170,90,45,90,45,60,175,14.5 ,398.0 ,みず/
322,3,ドンメル,60,60,40,65,45,35,61,0.7 ,24.0 ,ほのお/じめん
323,3,バクーダ,70,100,70,105,75,40,161,1.9 ,220.0 ,ほのお/じめん
324,3,コータス,70,85,140,85,70,20,165,0.5 ,80.4 ,ほのお/
325,3,バネブー,60,25,35,70,80,60,66,0.7 ,30.6 ,エスパー/
326,3,ブーピッグ,80,45,65,90,110,80,165,0.9 ,71.5 ,エスパー/
327,3,パッチール,60,60,60,60,60,60,126,1.1 ,5.0 ,ノーマル/
328,3,ナックラー,45,100,45,45,45,10,58,0.7 ,15.0 ,じめん/
329,3,ビブラーバ,50,70,50,50,50,70,119,1.1 ,15.3 ,じめん/ドラゴン
330,3,フライゴン,80,100,80,80,80,100,234,2.0 ,82.0 ,じめん/ドラゴン
331,3,サボネア,50,85,40,85,40,35,67,0.4 ,51.3 ,くさ/
332,3,ノクタス,70,115,60,115,60,55,166,1.3 ,77.4 ,くさ/あく
333,3,チルット,45,40,60,40,75,50,62,0.4 ,1.2 ,ノーマル/ひこう
334,3,チルタリス,75,70,90,70,105,80,172,1.1 ,20.6 ,ドラゴン/ひこう
335,3,ザングース,73,115,60,60,60,90,160,1.3 ,40.3 ,ノーマル/
336,3,ハブネーク,73,100,60,100,60,65,160,2.7 ,52.5 ,どく/
337,3,ルナトーン,70,55,65,95,85,70,154,1.0 ,168.0 ,いわ/エスパー
338,3,ソルロック,70,95,85,55,65,70,154,1.2 ,154.0 ,いわ/エスパー
339,3,ドジョッチ,50,48,43,46,41,60,58,0.4 ,1.9 ,みず/じめん
340,3,ナマズン,110,78,73,76,71,60,164,0.9 ,23.6 ,みず/じめん
341,3,ヘイガニ,43,80,65,50,35,35,62,0.6 ,11.5 ,みず/
342,3,シザリガー,63,120,85,90,55,55,164,1.1 ,32.8 ,みず/あく
343,3,ヤジロン,40,40,55,40,70,55,60,0.5 ,21.5 ,じめん/エスパー
344,3,ネンドール,60,70,105,70,120,75,175,1.5 ,108.0 ,じめん/エスパー
345,3,リリーラ,66,41,77,61,87,23,71,1.0 ,23.8 ,いわ/くさ
346,3,ユレイドル,86,81,97,81,107,43,173,1.5 ,60.4 ,いわ/くさ
347,3,アノプス,45,95,50,40,50,75,71,0.7 ,12.5 ,いわ/むし
348,3,アーマルド,75,125,100,70,80,45,173,1.5 ,68.2 ,いわ/むし
349,3,ヒンバス,20,15,20,10,55,80,40,0.6 ,7.4 ,みず/
350,3,ミロカロス,95,60,79,100,125,81,189,6.2 ,162.0 ,みず/
351,3,ポワルン,70,70,70,70,70,70,147,0.3 ,0.8 ,ノーマル/
352,3,カクレオン,60,90,70,60,120,40,154,1.0 ,22.0 ,ノーマル/
353,3,カゲボウズ,44,75,35,63,33,45,59,0.6 ,2.3 ,ゴースト/
354,3,ジュペッタ,64,115,65,83,63,65,159,1.1 ,12.5 ,ゴースト/
355,3,ヨマワル,20,40,90,30,90,25,59,0.8 ,15.0 ,ゴースト/
356,3,サマヨール,40,70,130,60,130,25,159,1.6 ,30.6 ,ゴースト/
357,3,トロピウス,99,68,83,72,87,51,161,2.0 ,100.0 ,くさ/ひこう
358,3,チリーン,65,50,70,95,80,65,149,0.6 ,1.0 ,エスパー/
359,3,アブソル,65,130,60,75,60,75,163,1.2 ,47.0 ,あく/
360,3,ソーナノ,95,23,48,23,48,23,52,0.6 ,14.0 ,エスパー/
361,3,ユキワラシ,50,50,50,50,50,50,60,0.7 ,16.8 ,こおり/
362,3,オニゴーリ,80,80,80,80,80,80,168,1.5 ,256.5 ,こおり/
363,3,タマザラシ,70,40,50,55,50,25,58,0.8 ,39.5 ,こおり/みず
364,3,トドグラー,90,60,70,75,70,45,144,1.1 ,87.6 ,こおり/みず
365,3,トドゼルガ,110,80,90,95,90,65,239,1.4 ,150.6 ,こおり/みず
366,3,パールル,35,64,85,74,55,32,69,0.4 ,52.5 ,みず/
367,3,ハンテール,55,104,105,94,75,52,170,1.7 ,27.0 ,みず/
368,3,サクラビス,55,84,105,114,75,52,170,1.8 ,22.6 ,みず/
369,3,ジーランス,100,90,130,45,65,55,170,1.0 ,23.4 ,みず/いわ
370,3,ラブカス,43,30,55,40,65,97,116,0.6 ,8.7 ,みず/
371,3,タツベイ,45,75,60,40,30,50,60,0.6 ,42.1 ,ドラゴン/
372,3,コモルー,65,95,100,60,50,50,147,1.1 ,110.5 ,ドラゴン/
373,3,ボーマンダ,95,135,80,110,80,100,270,1.5 ,102.6 ,ドラゴン/ひこう
374,3,ダンバル,40,55,80,35,60,30,60,0.6 ,95.2 ,はがね/エスパー
375,3,メタング,60,75,100,55,80,50,147,1.2 ,202.5 ,はがね/エスパー
376,3,メタグロス,80,135,130,95,90,70,270,1.6 ,550.0 ,はがね/エスパー
377,3,レジロック,80,100,200,50,100,50,261,1.7 ,230.0 ,いわ/
378,3,レジアイス,80,50,100,100,200,50,261,1.8 ,175.0 ,こおり/
379,3,レジスチル,80,75,150,75,150,50,261,1.9 ,205.0 ,はがね/
380,3,ラティアス,80,80,90,110,130,110,270,1.4 ,40.0 ,ドラゴン/エスパー
381,3,ラティオス,80,90,80,130,110,110,270,2.0 ,60.0 ,ドラゴン/エスパー
382,3,カイオーガ,100,100,90,150,140,90,302,4.5 ,352.0 ,みず/
383,3,グラードン,100,150,140,100,90,90,302,3.5 ,950.0 ,じめん/
384,3,レックウザ,105,150,90,150,90,95,306,7.0 ,206.5 ,ドラゴン/ひこう
385,3,ジラーチ,100,100,100,100,100,100,270,0.3 ,1.1 ,はがね/エスパー
386,3,デオキシスN,50,150,50,150,50,150,270,1.7 ,60.8 ,エスパー/
387,4,ナエトル,55,68,64,45,55,31,64,0.4 ,10.2 ,くさ/
388,4,ハヤシガメ,75,89,85,55,65,36,142,1.1 ,97.0 ,くさ/
389,4,ドダイトス,95,109,105,75,85,56,236,2.2 ,310.0 ,くさ/じめん
390,4,ヒコザル,44,58,44,58,44,61,62,0.5 ,6.2 ,ほのお/
391,4,モウカザル,64,78,52,78,52,81,142,0.9 ,22.0 ,ほのお/かくとう
392,4,ゴウカザル,76,104,71,104,71,108,240,1.2 ,55.0 ,ほのお/かくとう
393,4,ポッチャマ,53,51,53,61,56,40,63,0.4 ,5.2 ,みず/
394,4,ポッタイシ,64,66,68,81,76,50,142,0.8 ,23.0 ,みず/
395,4,エンペルト,84,86,88,111,101,60,239,1.7 ,84.5 ,みず/はがね
396,4,ムックル,40,55,30,30,30,60,49,0.3 ,2.0 ,ノーマル/ひこう
397,4,ムクバード,55,75,50,40,40,80,119,0.6 ,15.5 ,ノーマル/ひこう
398,4,ムクホーク,85,120,70,50,60,100,218,1.2 ,24.9 ,ノーマル/ひこう
399,4,ビッパ,59,45,40,35,40,31,50,0.5 ,20.0 ,ノーマル/
400,4,ビーダル,79,85,60,55,60,71,144,1.0 ,31.5 ,ノーマル/みず
401,4,コロボーシ,37,25,41,25,41,25,39,0.3 ,2.2 ,むし/
402,4,コロトック,77,85,51,55,51,65,134,1.0 ,25.5 ,むし/
403,4,コリンク,45,65,34,40,34,45,53,0.5 ,9.5 ,でんき/
404,4,ルクシオ,60,85,49,60,49,60,127,0.9 ,30.5 ,でんき/
405,4,レントラー,80,120,79,95,79,70,235,1.4 ,42.0 ,でんき/
406,4,スボミー,40,30,35,50,70,55,56,0.2 ,1.2 ,くさ/どく
407,4,ロズレイド,60,70,65,125,105,90,232,0.9 ,14.5 ,くさ/どく
408,4,ズガイドス,67,125,40,30,30,58,70,0.9 ,31.5 ,いわ/
409,4,ラムパルド,97,165,60,65,50,58,173,1.6 ,102.5 ,いわ/
410,4,タテトプス,30,42,118,42,88,30,70,0.5 ,57.0 ,いわ/はがね
411,4,トリデプス,60,52,168,47,138,30,173,1.3 ,149.5 ,いわ/はがね
412,4,ミノムッチ,40,29,45,29,45,36,45,0.2 ,3.4 ,むし/
413,4,ミノマダム草,60,59,85,79,105,36,148,0.5 ,6.5 ,むし/くさ
414,4,ガーメイル,70,94,50,94,50,66,148,0.9 ,23.3 ,むし/ひこう
415,4,ミツハニー,30,30,42,30,42,70,49,0.3 ,5.5 ,むし/ひこう
416,4,ビークイン,70,80,102,80,102,40,166,1.2 ,38.5 ,むし/ひこう
417,4,パチリス,60,45,70,45,90,95,142,0.4 ,3.9 ,でんき/
418,4,ブイゼル,55,65,35,60,30,85,66,0.7 ,29.5 ,みず/
419,4,フローゼル,85,105,55,85,50,115,173,1.1 ,33.5 ,みず/
420,4,チェリンボ,45,35,45,62,53,35,55,0.4 ,3.3 ,くさ/
421,4,チェリム,70,60,70,87,78,85,158,0.5 ,9.3 ,くさ/
422,4,カラナクシ,76,48,48,57,62,34,65,0.3 ,6.3 ,みず/
423,4,トリトドン,111,83,68,92,82,39,166,0.9 ,29.9 ,みず/じめん
424,4,エテボース,75,100,66,60,66,115,169,1.2 ,20.3 ,ノーマル/
425,4,フワンテ,90,50,34,60,44,70,70,0.4 ,1.2 ,ゴースト/ひこう
426,4,フワライド,150,80,44,90,54,80,174,1.2 ,15.0 ,ゴースト/ひこう
427,4,ミミロル,55,66,44,44,56,85,70,0.4 ,5.5 ,ノーマル/
428,4,ミミロップ,65,76,84,54,96,105,168,1.2 ,33.3 ,ノーマル/
429,4,ムウマージ,60,60,60,105,105,105,173,0.9 ,4.4 ,ゴースト/
430,4,ドンカラス,100,125,52,105,52,71,177,0.9 ,27.3 ,あく/ひこう
431,4,ニャルマー,49,55,42,42,37,85,62,0.5 ,3.9 ,ノーマル/
432,4,ブニャット,71,82,64,64,59,112,158,1.0 ,43.8 ,ノーマル/
433,4,リーシャン,45,30,50,65,50,45,57,0.2 ,0.6 ,エスパー/
434,4,スカンプー,63,63,47,41,41,74,66,0.4 ,19.2 ,どく/あく
435,4,スカタンク,103,93,67,71,61,84,168,1.0 ,38.0 ,どく/あく
436,4,ドーミラー,57,24,86,24,86,23,60,0.5 ,60.5 ,はがね/エスパー
437,4,ドータクン,67,89,116,79,116,33,175,1.3 ,187.0 ,はがね/エスパー
438,4,ウソハチ,50,80,95,10,45,10,58,0.5 ,15.0 ,いわ/
439,4,マネネ,20,25,45,70,90,60,62,0.6 ,13.0 ,エスパー/フェアリー
440,4,ピンプク,100,5,5,15,65,30,110,0.6 ,24.4 ,ノーマル/
441,4,ペラップ,76,65,45,92,42,91,144,0.5 ,1.9 ,ノーマル/ひこう
442,4,ミカルゲ,50,92,108,92,108,35,170,1.0 ,108.0 ,ゴースト/あく
443,4,フカマル,58,70,45,40,45,42,60,0.7 ,20.5 ,ドラゴン/じめん
444,4,ガバイト,68,90,65,50,55,82,144,1.4 ,56.0 ,ドラゴン/じめん
445,4,ガブリアス,108,130,95,80,85,102,270,1.9 ,95.0 ,ドラゴン/じめん
446,4,ゴンベ,135,85,40,40,85,5,78,0.6 ,105.0 ,ノーマル/
447,4,リオル,40,70,40,35,40,60,57,0.7 ,20.2 ,かくとう/
448,4,ルカリオ,70,110,70,115,70,90,184,1.2 ,54.0 ,かくとう/はがね
449,4,ヒポポタス,68,72,78,38,42,32,66,0.8 ,49.5 ,じめん/
450,4,カバルドン,108,112,118,68,72,47,184,2.0 ,300.0 ,じめん/
451,4,スコルピ,40,50,90,30,55,65,66,0.8 ,12.0 ,どく/むし
452,4,ドラピオン,70,90,110,60,75,95,175,1.3 ,61.5 ,どく/あく
453,4,グレッグル,48,61,40,61,40,50,60,0.7 ,23.0 ,どく/かくとう
454,4,ドクロッグ,83,106,65,86,65,85,172,1.3 ,44.4 ,どく/かくとう
455,4,マスキッパ,74,100,72,90,72,46,159,1.4 ,27.0 ,くさ/
456,4,ケイコウオ,49,49,56,49,61,66,66,0.4 ,7.0 ,みず/
457,4,ネオラント,69,69,76,69,86,91,161,1.2 ,24.0 ,みず/
458,4,タマンタ,45,20,50,60,120,50,69,1.0 ,65.0 ,みず/ひこう
459,4,ユキカブリ,60,62,50,62,60,40,67,1.0 ,50.5 ,くさ/こおり
460,4,ユキノオー,90,92,75,92,85,60,173,2.2 ,135.5 ,くさ/こおり
461,4,マニューラ,70,120,65,45,85,125,179,1.1 ,34.0 ,あく/こおり
462,4,ジバコイル,70,70,115,130,90,60,241,1.2 ,180.0 ,でんき/はがね
463,4,ベロベルト,110,85,95,80,95,50,180,1.7 ,140.0 ,ノーマル/
464,4,ドサイドン,115,140,130,55,55,40,241,2.4 ,282.8 ,じめん/いわ
465,4,モジャンボ,100,100,125,110,50,50,187,2.0 ,128.6 ,くさ/
466,4,エレキブル,75,123,67,95,85,95,243,1.8 ,138.6 ,でんき/
467,4,ブーバーン,75,95,67,125,95,83,243,1.6 ,68.0 ,ほのお/
468,4,トゲキッス,85,50,95,120,115,80,245,1.5 ,38.0 ,フェアリー/ひこう
469,4,メガヤンマ,86,76,86,116,56,95,180,1.9 ,51.5 ,むし/ひこう
470,4,リーフィア,65,110,130,60,65,95,184,1.0 ,25.5 ,くさ/
471,4,グレイシア,65,60,110,130,95,65,184,0.8 ,25.9 ,こおり/
472,4,グライオン,75,95,125,45,75,95,179,2.0 ,42.5 ,じめん/ひこう
473,4,マンムー,110,130,80,70,60,80,239,2.5 ,291.0 ,こおり/じめん
474,4,ポリゴンＺ,85,80,70,135,75,90,241,0.9 ,34.0 ,ノーマル/
475,4,エルレイド,68,125,65,65,115,80,233,1.6 ,52.0 ,エスパー/かくとう
476,4,ダイノーズ,60,55,145,75,150,40,184,1.4 ,340.0 ,いわ/はがね
477,4,ヨノワール,45,100,135,65,135,45,236,2.2 ,106.6 ,ゴースト/
478,4,ユキメノコ,70,80,70,80,70,110,168,1.3 ,26.6 ,こおり/ゴースト
479,4,ロトム,50,50,77,95,77,91,154,0.3 ,0.3 ,でんき/ゴースト
480,4,ユクシー,75,75,130,75,130,95,261,0.3 ,0.3 ,エスパー/
481,4,エムリット,80,105,105,105,105,80,261,0.3 ,0.3 ,エスパー/
482,4,アグノム,75,125,70,125,70,115,261,0.3 ,0.3 ,エスパー/
483,4,ディアルガ,100,120,120,150,100,90,306,5.4 ,683.0 ,はがね/ドラゴン
484,4,パルキア,90,120,100,150,120,100,306,4.2 ,336.0 ,みず/ドラゴン
485,4,ヒードラン,91,90,106,130,106,77,270,1.7 ,430.0 ,ほのお/はがね
486,4,レジギガス,110,160,110,80,110,100,302,3.7 ,420.0 ,ノーマル/
487,4,ギラティナA,150,100,120,100,120,90,306,4.5 ,750.0 ,ゴースト/ドラゴン
488,4,クレセリア,120,70,120,75,130,85,270,1.5 ,85.6 ,エスパー/
489,4,フィオネ,80,80,80,80,80,80,216,0.4 ,3.1 ,みず/
490,4,マナフィ,100,100,100,100,100,100,270,0.3 ,1.4 ,みず/
491,4,ダークライ,70,90,90,135,90,125,270,1.5 ,50.5 ,あく/
492,4,シェイミL,100,100,100,100,100,100,270,0.2 ,2.1 ,くさ/
493,4,アルセウス,120,120,120,120,120,120,324,3.2 ,320.0 ,ノーマル/
494,5,ビクティニ,100,100,100,100,100,100,270,0.4 ,4.0 ,エスパー/ほのお
495,5,ツタージャ,45,45,55,45,55,63,62,0.6 ,8.1 ,くさ/
496,5,ジャノビー,60,60,75,60,75,83,145,0.8 ,16.0 ,くさ/
497,5,ジャローダ,75,75,95,75,95,113,238,3.3 ,63.0 ,くさ/
498,5,ポカブ,65,63,45,45,45,45,62,0.5 ,9.9 ,ほのお/
499,5,チャオブー,90,93,55,70,55,55,146,1.0 ,55.5 ,ほのお/かくとう
500,5,エンブオー,110,123,65,100,65,65,238,1.6 ,150.0 ,ほのお/かくとう
501,5,ミジュマル,55,55,45,63,45,45,62,0.5 ,5.9 ,みず/
502,5,フタチマル,75,75,60,83,60,60,145,0.8 ,24.5 ,みず/
503,5,ダイケンキ,95,100,85,108,70,70,238,1.5 ,94.6 ,みず/
504,5,ミネズミ,45,55,39,35,39,42,51,0.5 ,11.6 ,ノーマル/
505,5,ミルホッグ,60,85,69,60,69,77,147,1.1 ,27.0 ,ノーマル/
506,5,ヨーテリー,45,60,45,25,45,55,55,0.4 ,4.1 ,ノーマル/
507,5,ハーデリア,65,80,65,35,65,60,130,0.9 ,14.7 ,ノーマル/
508,5,ムーランド,85,110,90,45,90,80,225,1.2 ,61.0 ,ノーマル/
509,5,チョロネコ,41,50,37,50,37,66,56,0.4 ,10.1 ,あく/
510,5,レパルダス,64,88,50,88,50,106,156,1.1 ,37.5 ,あく/
511,5,ヤナップ,50,53,48,53,48,64,63,0.6 ,10.5 ,くさ/
512,5,ヤナッキー,75,98,63,98,63,101,174,1.1 ,30.5 ,くさ/
513,5,バオップ,50,53,48,53,48,64,63,0.6 ,11.0 ,ほのお/
514,5,バオッキー,75,98,63,98,63,101,174,1.0 ,28.0 ,ほのお/
515,5,ヒヤップ,50,53,48,53,48,64,63,0.6 ,13.5 ,みず/
516,5,ヒヤッキー,75,98,63,98,63,101,174,1.0 ,29.0 ,みず/
517,5,ムンナ,76,25,45,67,55,24,58,0.6 ,23.3 ,エスパー/
518,5,ムシャーナ,116,55,85,107,95,29,170,1.1 ,60.5 ,エスパー/
519,5,マメパト,50,55,50,36,30,43,53,0.3 ,2.1 ,ノーマル/ひこう
520,5,ハトーボー,62,77,62,50,42,65,125,0.6 ,15.0 ,ノーマル/ひこう
521,5,ケンホロウ,80,115,80,65,55,93,220,1.2 ,29.0 ,ノーマル/ひこう
522,5,シママ,45,60,32,50,32,76,59,0.8 ,29.8 ,でんき/
523,5,ゼブライカ,75,100,63,80,63,116,174,1.6 ,79.5 ,でんき/
524,5,ダンゴロ,55,75,85,25,25,15,56,0.4 ,18.0 ,いわ/
525,5,ガントル,70,105,105,50,40,20,137,0.9 ,102.0 ,いわ/
526,5,ギガイアス,85,135,130,60,80,25,232,1.7 ,260.0 ,いわ/
527,5,コロモリ,55,45,43,55,43,72,63,0.4 ,2.1 ,エスパー/ひこう
528,5,ココロモリ,67,57,55,77,55,114,149,0.9 ,10.5 ,エスパー/ひこう
529,5,モグリュー,60,85,40,30,45,68,66,0.3 ,8.5 ,じめん/
530,5,ドリュウズ,110,135,60,50,65,88,178,0.7 ,40.4 ,じめん/はがね
531,5,タブンネ,103,60,86,60,86,50,390,1.1 ,31.0 ,ノーマル/
532,5,ドッコラー,75,80,55,25,35,35,61,0.6 ,12.5 ,かくとう/
533,5,ドテッコツ,85,105,85,40,50,40,142,1.2 ,40.0 ,かくとう/
534,5,ローブシン,105,140,95,55,65,45,227,1.4 ,87.0 ,かくとう/
535,5,オタマロ,50,50,40,50,40,64,59,0.5 ,4.5 ,みず/
536,5,ガマガル,75,65,55,65,55,69,134,0.8 ,17.0 ,みず/じめん
537,5,ガマゲロゲ,105,95,75,85,75,74,229,1.5 ,62.0 ,みず/じめん
538,5,ナゲキ,120,100,85,30,85,45,163,1.3 ,55.5 ,かくとう/
539,5,ダゲキ,75,125,75,30,75,85,163,1.4 ,51.0 ,かくとう/
540,5,クルミル,45,53,70,40,60,42,62,0.3 ,2.5 ,むし/くさ
541,5,クルマユ,55,63,90,50,80,42,133,0.5 ,7.3 ,むし/くさ
542,5,ハハコモリ,75,103,80,70,80,92,225,1.2 ,20.5 ,むし/くさ
543,5,フシデ,30,45,59,30,39,57,52,0.4 ,5.3 ,むし/どく
544,5,ホイーガ,40,55,99,40,79,47,126,1.2 ,58.5 ,むし/どく
545,5,ペンドラー,60,100,89,55,69,112,218,2.5 ,200.5 ,むし/どく
546,5,モンメン,40,27,60,37,50,66,56,0.3 ,0.6 ,くさ/フェアリー
547,5,エルフーン,60,67,85,77,75,116,168,0.7 ,6.6 ,くさ/フェアリー
548,5,チュリネ,45,35,50,70,50,30,56,0.5 ,6.6 ,くさ/
549,5,ドレディア,70,60,75,110,75,90,168,1.1 ,16.3 ,くさ/
550,5,バスラオ赤,70,92,65,80,55,98,161,1.0 ,18.0 ,みず/
551,5,メグロコ,50,72,35,35,35,65,58,0.7 ,15.2 ,じめん/あく
552,5,ワルビル,60,82,45,45,45,74,123,1.0 ,33.4 ,じめん/あく
553,5,ワルビアル,95,117,80,65,70,92,234,1.5 ,96.3 ,じめん/あく
554,5,ダルマッカ,70,90,45,15,45,50,63,0.6 ,37.5 ,ほのお/
555,5,ヒヒダルマN,105,140,55,30,55,95,168,1.3 ,92.9 ,ほのお/
556,5,マラカッチ,75,86,67,106,67,60,161,1.0 ,28.0 ,くさ/
557,5,イシズマイ,50,65,85,35,35,55,65,0.3 ,14.5 ,むし/いわ
558,5,イワパレス,70,95,125,65,75,45,166,1.4 ,200.0 ,むし/いわ
559,5,ズルッグ,50,75,70,35,70,48,70,0.6 ,11.8 ,あく/かくとう
560,5,ズルズキン,65,90,115,45,115,58,171,1.1 ,30.0 ,あく/かくとう
561,5,シンボラー,72,58,80,103,80,97,172,1.4 ,14.0 ,エスパー/ひこう
562,5,デスマス,38,30,85,55,65,30,61,0.5 ,1.5 ,ゴースト/
563,5,デスカーン,58,50,145,95,105,30,169,1.7 ,76.5 ,ゴースト/
564,5,プロトーガ,54,78,103,53,45,22,71,0.7 ,16.5 ,みず/いわ
565,5,アバゴーラ,74,108,133,83,65,32,173,1.2 ,81.0 ,みず/いわ
566,5,アーケン,55,112,45,74,45,70,71,0.5 ,9.5 ,いわ/ひこう
567,5,アーケオス,75,140,65,112,65,110,177,1.4 ,32.0 ,いわ/ひこう
568,5,ヤブクロン,50,50,62,40,62,65,66,0.6 ,31.0 ,どく/
569,5,ダストダス,80,95,82,60,82,75,166,1.9 ,107.3 ,どく/
570,5,ゾロア,40,65,40,80,40,65,66,0.7 ,12.5 ,あく/
571,5,ゾロアーク,60,105,60,120,60,105,179,1.6 ,81.1 ,あく/
572,5,チラーミィ,55,50,40,40,40,75,60,0.4 ,5.8 ,ノーマル/
573,5,チラチーノ,75,95,60,65,60,115,165,0.5 ,7.5 ,ノーマル/
574,5,ゴチム,45,30,50,55,65,45,58,0.4 ,5.8 ,エスパー/
575,5,ゴチミル,60,45,70,75,85,55,137,0.7 ,18.0 ,エスパー/
576,5,ゴチルゼル,70,55,95,95,110,65,221,1.5 ,44.0 ,エスパー/
577,5,ユニラン,45,30,40,105,50,20,58,0.3 ,1.0 ,エスパー/
578,5,ダブラン,65,40,50,125,60,30,130,0.6 ,8.0 ,エスパー/
579,5,ランクルス,110,65,75,125,85,30,221,1.0 ,20.1 ,エスパー/
580,5,コアルヒー,62,44,50,44,50,55,61,0.5 ,5.5 ,みず/ひこう
581,5,スワンナ,75,87,63,87,63,98,166,1.3 ,24.2 ,みず/ひこう
582,5,バニプッチ,36,50,50,65,60,44,61,0.4 ,5.7 ,こおり/
583,5,バニリッチ,51,65,65,80,75,59,138,1.1 ,41.0 ,こおり/
584,5,バイバニラ,71,95,85,110,95,79,241,1.3 ,57.5 ,こおり/
585,5,シキジカ,60,60,50,40,50,75,67,0.6 ,19.5 ,ノーマル/くさ
586,5,メブキジカ,80,100,70,60,70,95,166,1.9 ,92.5 ,ノーマル/くさ
587,5,エモンガ,55,75,60,75,60,103,150,0.4 ,5.0 ,でんき/ひこう
588,5,カブルモ,50,75,45,40,45,60,63,0.5 ,5.9 ,むし/
589,5,シュバルゴ,70,135,105,60,105,20,173,1.0 ,33.0 ,むし/はがね
590,5,タマゲタケ,69,55,45,55,55,15,59,0.2 ,1.0 ,くさ/どく
591,5,モロバレル,114,85,70,85,80,30,162,0.6 ,10.5 ,くさ/どく
592,5,プルリル,55,40,50,65,85,40,67,1.2 ,33.0 ,みず/ゴースト
593,5,ブルンゲル,100,60,70,85,105,60,168,2.2 ,135.0 ,みず/ゴースト
594,5,ママンボウ,165,75,80,40,45,65,165,1.2 ,31.6 ,みず/
595,5,バチュル,50,47,50,57,50,65,64,0.1 ,0.6 ,むし/でんき
596,5,デンチュラ,70,77,60,97,60,108,165,0.8 ,14.3 ,むし/でんき
597,5,テッシード,44,50,91,24,86,10,61,0.6 ,18.8 ,くさ/はがね
598,5,ナットレイ,74,94,131,54,116,20,171,1.0 ,110.0 ,くさ/はがね
599,5,ギアル,40,55,70,45,60,30,60,0.3 ,21.0 ,はがね/
600,5,ギギアル,60,80,95,70,85,50,154,0.6 ,51.0 ,はがね/
601,5,ギギギアル,60,100,115,70,85,90,234,0.6 ,81.0 ,はがね/
602,5,シビシラス,35,55,40,45,40,60,55,0.2 ,0.3 ,でんき/
603,5,シビビール,65,85,70,75,70,40,142,1.2 ,22.0 ,でんき/
604,5,シビルドン,85,115,80,105,80,50,232,2.1 ,80.5 ,でんき/
605,5,リグレー,55,55,55,85,55,30,67,0.5 ,9.0 ,エスパー/
606,5,オーベム,75,75,75,125,95,40,170,1.0 ,34.5 ,エスパー/
607,5,ヒトモシ,50,30,55,65,55,20,55,0.3 ,3.1 ,ゴースト/ほのお
608,5,ランプラー,60,40,60,95,60,55,130,0.6 ,13.0 ,ゴースト/ほのお
609,5,シャンデラ,60,55,90,145,90,80,234,1.0 ,34.3 ,ゴースト/ほのお
610,5,キバゴ,46,87,60,30,40,57,64,0.6 ,18.0 ,ドラゴン/
611,5,オノンド,66,117,70,40,50,67,144,1.0 ,36.0 ,ドラゴン/
612,5,オノノクス,76,147,90,60,70,97,243,1.8 ,105.5 ,ドラゴン/
613,5,クマシュン,55,70,40,60,40,40,61,0.5 ,8.5 ,こおり/
614,5,ツンベアー,95,110,80,70,80,50,170,2.6 ,260.0 ,こおり/
615,5,フリージオ,70,50,30,95,135,105,170,1.1 ,148.0 ,こおり/
616,5,チョボマキ,50,40,85,40,65,25,61,0.4 ,7.7 ,むし/
617,5,アギルダー,80,70,40,100,60,145,173,0.8 ,25.3 ,むし/
618,5,マッギョ,109,66,84,81,99,32,165,0.7 ,11.0 ,じめん/でんき
619,5,コジョフー,45,85,50,55,50,65,70,0.9 ,20.0 ,かくとう/
620,5,コジョンド,65,125,60,95,60,105,179,1.4 ,35.5 ,かくとう/
621,5,クリムガン,77,120,90,60,90,48,170,1.6 ,139.0 ,ドラゴン/
622,5,ゴビット,59,74,50,35,50,35,61,1.0 ,92.0 ,じめん/ゴースト
623,5,ゴルーグ,89,124,80,55,80,55,169,2.8 ,330.0 ,じめん/ゴースト
624,5,コマタナ,45,85,70,40,40,60,68,0.5 ,10.2 ,あく/はがね
625,5,キリキザン,65,125,100,60,70,70,172,1.6 ,70.0 ,あく/はがね
626,5,バッフロン,95,110,95,40,95,55,172,1.6 ,94.6 ,ノーマル/
627,5,ワシボン,70,83,50,37,50,60,70,0.5 ,10.5 ,ノーマル/ひこう
628,5,ウォーグル,100,123,75,57,75,80,179,1.5 ,41.0 ,ノーマル/ひこう
629,5,バルチャイ,70,55,75,45,65,60,74,0.5 ,9.0 ,あく/ひこう
630,5,バルジーナ,110,65,105,55,95,80,179,1.2 ,39.5 ,あく/ひこう
631,5,クイタラン,85,97,66,105,66,65,169,1.4 ,58.0 ,ほのお/
632,5,アイアント,58,109,112,48,48,109,169,0.3 ,33.0 ,むし/はがね
633,5,モノズ,52,65,50,45,50,38,60,0.8 ,17.3 ,あく/ドラゴン
634,5,ジヘッド,72,85,70,65,70,58,147,1.4 ,50.0 ,あく/ドラゴン
635,5,サザンドラ,92,105,90,125,90,98,270,1.8 ,160.0 ,あく/ドラゴン
636,5,メラルバ,55,85,55,50,55,60,72,1.1 ,28.8 ,むし/ほのお
637,5,ウルガモス,85,60,65,135,105,100,248,1.6 ,46.0 ,むし/ほのお
638,5,コバルオン,91,90,129,90,72,108,261,2.1 ,250.0 ,はがね/かくとう
639,5,テラキオン,91,129,90,72,90,108,261,1.9 ,260.0 ,いわ/かくとう
640,5,ビリジオン,91,90,72,90,129,108,261,2.0 ,200.0 ,くさ/かくとう
641,5,トルネロス化身,79,115,70,125,80,111,261,1.5 ,63.0 ,ひこう/
642,5,ボルトロス化身,79,115,70,125,80,111,261,1.5 ,61.0 ,でんき/ひこう
643,5,レシラム,100,120,100,150,120,90,306,3.2 ,330.0 ,ドラゴン/ほのお
644,5,ゼクロム,100,150,120,120,100,90,306,2.9 ,345.0 ,ドラゴン/でんき
645,5,ランドロス化身,89,125,90,115,80,101,270,1.5 ,68.0 ,じめん/ひこう
646,5,キュレム,125,130,90,130,90,95,297,3.0 ,325.0 ,ドラゴン/こおり
647,5,ケルディオ,91,72,90,129,90,108,261,1.4 ,48.5 ,みず/かくとう
648,5,メロエッタＶ,100,77,77,128,128,90,270,0.6 ,6.5 ,ノーマル/エスパー
649,5,ゲノセクト,71,120,95,120,95,99,270,1.5 ,82.5 ,むし/はがね
650,6,ハリマロン,56,61,65,48,45,38,63,0.4 ,9.0 ,くさ/
651,6,ハリボーグ,61,78,95,56,58,57,142,0.7 ,29.0 ,くさ/
652,6,ブリガロン,88,107,122,74,75,64,239,1.6 ,90.0 ,くさ/かくとう
653,6,フォッコ,40,45,40,62,60,60,61,0.4 ,9.4 ,ほのお/
654,6,テールナー,59,59,58,90,70,73,143,1.0 ,14.5 ,ほのお/
655,6,マフォクシー,75,69,72,114,100,104,240,1.5 ,39.0 ,ほのお/エスパー
656,6,ケロマツ,41,56,40,62,44,71,63,0.3 ,7.0 ,みず/
657,6,ゲコガシラ,54,63,52,83,56,97,142,0.6 ,10.9 ,みず/
658,6,ゲッコウガ,72,95,67,103,71,122,239,1.5 ,40.0 ,みず/あく
659,6,ホルビー,38,36,38,32,36,57,47,0.4 ,5.0 ,ノーマル/
660,6,ホルード,85,56,77,50,77,78,148,1.0 ,42.4 ,ノーマル/じめん
661,6,ヤヤコマ,45,50,43,40,38,62,56,0.3 ,1.7 ,ノーマル/ひこう
662,6,ヒノヤコマ,62,73,55,56,52,84,134,0.7 ,16.0 ,ほのお/ひこう
663,6,ファイアロー,78,81,71,74,69,126,175,1.2 ,24.5 ,ほのお/ひこう
664,6,コフキムシ,38,35,40,27,25,35,40,0.3 ,2.5 ,むし/
665,6,コフーライ,45,22,60,27,30,29,75,0.3 ,8.4 ,むし/
666,6,ビビヨン,80,52,50,90,50,89,185,1.2 ,17.0 ,むし/ひこう
667,6,シシコ,62,50,58,73,54,72,74,0.6 ,13.5 ,ほのお/ノーマル
668,6,カエンジシ,86,68,72,109,66,106,177,1.5 ,81.5 ,ほのお/ノーマル
669,6,フラベベ,44,38,39,61,79,42,61,0.1 ,0.1 ,フェアリー/
670,6,フラエッテ,54,45,47,75,98,52,130,0.2 ,0.9 ,フェアリー/
671,6,フラージェス,78,65,68,112,154,75,248,1.1 ,10.0 ,フェアリー/
672,6,メェークル,66,65,48,62,57,52,70,0.9 ,31.0 ,くさ/
673,6,ゴーゴート,123,100,62,97,81,68,186,1.7 ,91.0 ,くさ/
674,6,ヤンチャム,67,82,62,46,48,43,70,0.6 ,8.0 ,かくとう/
675,6,ゴロンダ,95,124,78,69,71,58,173,2.1 ,136.0 ,かくとう/あく
676,6,トリミアン,75,80,60,65,90,102,165,1.2 ,28.0 ,ノーマル/
677,6,ニャスパー,62,48,54,63,60,68,71,0.3 ,3.5 ,エスパー/
678,6,ニャオニクス♂,74,48,76,83,81,104,163,0.6 ,8.5 ,エスパー/
679,6,ヒトツキ,45,80,100,35,37,28,65,0.8 ,2.0 ,はがね/ゴースト
680,6,ニダンギル,59,110,150,45,49,35,157,0.8 ,4.5 ,はがね/ゴースト
681,6,ギルガルド盾,60,50,150,50,150,60,234,1.7 ,53.0 ,はがね/ゴースト
682,6,シュシュプ,78,52,60,63,65,23,68,0.2 ,0.5 ,フェアリー/
683,6,フレフワン,101,72,72,99,89,29,162,0.8 ,15.5 ,フェアリー/
684,6,ペロッパフ,62,48,66,59,57,49,68,0.4 ,3.5 ,フェアリー/
685,6,ペロリーム,82,80,86,85,75,72,168,0.8 ,5.0 ,フェアリー/
686,6,マーイーカ,53,54,53,37,46,45,58,0.4 ,3.5 ,あく/エスパー
687,6,カラマネロ,86,92,88,68,75,73,169,1.5 ,47.0 ,あく/エスパー
688,6,カメテテ,42,52,67,39,56,50,61,0.5 ,31.0 ,いわ/みず
689,6,ガメノデス,72,105,115,54,86,68,175,1.3 ,96.0 ,いわ/みず
690,6,クズモー,50,60,60,60,60,30,64,0.5 ,7.3 ,どく/みず
691,6,ドラミドロ,65,75,90,97,123,44,173,1.8 ,81.5 ,どく/ドラゴン
692,6,ウデッポウ,50,53,62,58,63,44,66,0.5 ,8.3 ,みず/
693,6,ブロスター,71,73,88,120,89,59,100,1.3 ,35.3 ,みず/
694,6,エリキテル,44,38,33,61,43,70,58,0.5 ,6.0 ,でんき/ノーマル
695,6,エレザード,62,55,52,109,94,109,168,1.0 ,21.0 ,でんき/ノーマル
696,6,チゴラス,58,89,77,45,45,48,72,0.8 ,26.0 ,いわ/ドラゴン
697,6,ガチゴラス,82,121,119,69,59,71,182,2.5 ,270.0 ,いわ/ドラゴン
698,6,アマルス,77,59,50,67,63,46,72,1.3 ,25.2 ,いわ/こおり
699,6,アマルルガ,123,77,72,99,92,58,104,2.7 ,225.0 ,いわ/こおり
700,6,ニンフィア,95,65,65,110,130,60,184,1.0 ,23.5 ,フェアリー/
701,6,ルチャブル,78,92,75,74,63,118,175,0.8 ,21.5 ,かくとう/ひこう
702,6,デデンネ,67,58,57,81,67,101,151,0.2 ,2.2 ,でんき/フェアリー
703,6,メレシー,50,50,150,50,150,50,100,0.3 ,5.7 ,いわ/フェアリー
704,6,ヌメラ,45,50,35,55,75,40,60,0.3 ,2.8 ,ドラゴン/
705,6,ヌメイル,68,75,53,83,113,60,158,0.8 ,17.5 ,ドラゴン/
706,6,ヌメルゴン,90,100,70,110,150,80,270,2.0 ,150.5 ,ドラゴン/
707,6,クレッフィ,57,80,91,80,87,75,165,0.2 ,3.0 ,はがね/フェアリー
708,6,ボクレー,43,70,48,50,60,38,62,0.4 ,7.0 ,ゴースト/くさ
709,6,オーロット,85,110,76,65,82,56,166,1.5 ,71.0 ,ゴースト/くさ
710,6,バケッチャ,49,66,70,44,55,51,67,0.4 ,5.0 ,ゴースト/くさ
711,6,パンプジン,65,90,122,58,75,84,173,0.9 ,12.5 ,ゴースト/くさ
712,6,カチコール,55,69,85,32,35,28,61,1.0 ,99.5 ,こおり/
713,6,クレベース,95,117,184,44,46,28,180,2.0 ,505.0 ,こおり/
714,6,オンバット,40,30,35,45,40,55,49,0.5 ,8.0 ,ひこう/ドラゴン
715,6,オンバーン,85,70,80,97,80,123,187,1.5 ,85.0 ,ひこう/ドラゴン
716,6,ゼルネアス,126,131,95,131,98,99,306,3.0 ,215.0 ,フェアリー/
717,6,イベルタル,126,131,95,131,98,99,306,5.8 ,203.0 ,あく/ひこう
718,6,ジガルデ,108,100,121,81,95,95,270,5.0 ,305.0 ,ドラゴン/じめん
719,6,ディアンシー,50,100,150,100,150,50,270,0.7 ,8.8 ,いわ/じめん
720,6,フーパ(戒め),80,110,60,150,130,70,270,0.5 ,9.0 ,エスパー/ゴースト
721,0,ボルケニオン,80,110,120,130,90,70,270,1.7 ,195.0 ,ほのお/みず
